Workbook

Sheet Instructions
A1: Perform the following in the dataset from the 'Dataset' sheet.
B3: 1) Handling Missing Values:
C4: • Check for missing values in the 'Price' column. How would you handle products with missing price information?
C5: • If there are products with missing categories, propose a strategy to impute or deal with these missing values effectively.
B7: 2) Correcting Inconsistent Data:
C8: • Identify any inconsistent text formats present in the "Product Name" column.
C9: • Identify any typos present in the "Category" column.
C10: • Use the find and replace function to standardize the text formats in the "Product Name" column and fix any typos or misspellings in the "Category" column.
B12: 3) Removing Duplicates:
C13: • Identify any duplicate rows within the dataset based on the entirety of each row, and remove them if any.
B15: 4) Splitting and Merging Data:
C16: • Split the "Product ID" column into two separate columns for " Manufacturing Date" and "Country Code". Remove unnecessary characters, if any.
C17: • Merge the "Brand Name" and "Product Name" columns into one column named "Product Brand".
B19: 5) Number Formatting:
C20: • Format the data type of the "Price" column to currency format.
C21: • Format the "Manufacturing Date" column to display dates in the "DD-MM-YYYY " format.
B23: 6) Conditional Formatting:
C24: • Apply data bar or color scales conditional formatting in the "Price" column.
C25: • Create a custom rule for conditional formatting in the "Category" column to highlight cells where the category is "Electronics."

Sheet Dataset
A1: Product ID | B1: Product Name | C1: Brand Name | D1: Price ($) | E1: Quantity | F1: Category | G1: Manufacturing Date | H1: Country Code | I1: Product Brand | L1: Category | N1: Mean of Price
A2: 28-JAN-US | B2: Laptop | C2: Dell | D2: 1000 | E2: 30 | F2: Electronics | G2: =LEFT(A2,6) -> 28-JAN | H2: =RIGHT(A2,2) -> US | I2: =_xlfn.CONCAT(Dataset!C2," ",Dataset!B2) -> Dell Laptop | L2: Electronics | N2: =AVERAGE(D2:D35) -> 298.96935
A3: 15-FEB-US | B3: Sneakers | C3: Nike | D3: 80 | E3: 15 | F3: Fashion | G3: =LEFT(A3,6) -> 15-FEB | H3: =RIGHT(A3,2) -> US | I3: =_xlfn.CONCAT(Dataset!C3," ",Dataset!B3) -> Nike Sneakers | J3: =LEFT(J4)
A4: 03-MAR-US | B4: Coffee Maker | C4: Keurig | D4: 130 | E4: 40 | F4: Kitchen | G4: =LEFT(A4,6) -> 03-MAR | H4: =RIGHT(A4,2) -> US | I4: =_xlfn.CONCAT(Dataset!C4," ",Dataset!B4) -> Keurig Coffee Maker
A5: 11-APR-US | B5: Smartphone | C5: Samsung | D5: 900 | E5: 25 | F5: Electronics | G5: =LEFT(A5,6) -> 11-APR | H5: =RIGHT(A5,2) -> US | I5: =_xlfn.CONCAT(Dataset!C5," ",Dataset!B5) -> Samsung Smartphone
A6: 22-MAY-US | B6: Backpack | C6: North Face | D6: 70 | E6: 20 | F6: ="Unknown" -> Unknown | G6: =LEFT(A6,6) -> 22-MAY | H6: =RIGHT(A6,2) -> US | I6: =_xlfn.CONCAT(Dataset!C6," ",Dataset!B6) -> North Face Backpack
A7: 07-JUN-UK | B7: Headphones | C7: Sony | D7: =309.35 -> 309.35 | E7: 45 | F7: Electronics | G7: =LEFT(A7,6) -> 07-JUN | H7: =RIGHT(A7,2) -> UK | I7: =_xlfn.CONCAT(Dataset!C7," ",Dataset!B7) -> Sony Headphones
A8: 19-JUL-UK | B8: T-Shirt | C8: Adidas | D8: 30 | E8: 5 | F8: Fashion | G8: =LEFT(A8,6) -> 19-JUL | H8: =RIGHT(A8,2) -> UK | I8: =_xlfn.CONCAT(Dataset!C8," ",Dataset!B8) -> Adidas T-Shirt
A9: 23-AUG-UK | B9: Blender | C9: Ninja | D9: 90 | E9: 35 | F9: Kitchen | G9: =LEFT(A9,6) -> 23-AUG | H9: =RIGHT(A9,2) -> UK | I9: =_xlfn.CONCAT(Dataset!C9," ",Dataset!B9) -> Ninja Blender
A10: 05-SEP-UK | B10: Tablet | C10: Apple | D10: 500 | E10: 50 | F10: Electronics | G10: =LEFT(A10,6) -> 05-SEP | H10: =RIGHT(A10,2) -> UK | I10: =_xlfn.CONCAT(Dataset!C10," ",Dataset!B10) -> Apple Tablet
A11: 14-OCT-UK | B11: Hiking Boots | C11: Timberland | D11: 130 | E11: 10 | F11: Outdoor | G11: =LEFT(A11,6) -> 14-OCT | H11: =RIGHT(A11,2) -> UK | I11: =_xlfn.CONCAT(Dataset!C11," ",Dataset!B11) -> Timberland Hiking Boots
A12: 17-JUN-IN | B12: Laptop | C12: HP | D12: 950 | E12: 25 | F12: Electronics | G12: =LEFT(A12,6) -> 17-JUN | H12: =RIGHT(A12,2) -> IN | I12: =_xlfn.CONCAT(Dataset!C12," ",Dataset!B12) -> HP Laptop
A13: 25-NOV-AU | B13: Sneakers | C13: Adidas | D13: 90 | E13: 40 | F13: ="Unknown" -> Unknown | G13: =LEFT(A13,6) -> 25-NOV | H13: =RIGHT(A13,2) -> AU | I13: =_xlfn.CONCAT(Dataset!C13," ",Dataset!B13) -> Adidas Sneakers
A14: 08-DEC-DE | B14: Coffee Maker | C14: Nespresso | D14: 120 | E14: 35 | F14: ="Unknown" -> Unknown | G14: =LEFT(A14,6) -> 08-DEC | H14: =RIGHT(A14,2) -> DE | I14: =_xlfn.CONCAT(Dataset!C14," ",Dataset!B14) -> Nespresso Coffee Maker
A15: 18-FEB-CA | B15: Smartwatch | C15: Fitbit | D15: 150 | E15: 15 | F15: Electronics | G15: =LEFT(A15,6) -> 18-FEB | H15: =RIGHT(A15,2) -> CA | I15: =_xlfn.CONCAT(Dataset!C15," ",Dataset!B15) -> Fitbit Smartwatch
A16: 16-APR-ES | B16: Headphones | C16: Bose | D16: 250 | E16: 20 | F16: Electronics | G16: =LEFT(A16,6) -> 16-APR | H16: =RIGHT(A16,2) -> ES | I16: =_xlfn.CONCAT(Dataset!C16," ",Dataset!B16) -> Bose Headphones
A17: 21-AUG-CA | B17: Laptop Bag | C17: Samsonite | D17: 50 | E17: 35 | F17: Accessories | G17: =LEFT(A17,6) -> 21-AUG | H17: =RIGHT(A17,2) -> CA | I17: =_xlfn.CONCAT(Dataset!C17," ",Dataset!B17) -> Samsonite Laptop Bag
A18: 20-AUG-CN | B18: Smartwatch | C18: Huawei | D18: 160 | E18: 15 | F18: Electronics | G18: =LEFT(A18,6) -> 20-AUG | H18: =RIGHT(A18,2) -> CN | I18: =_xlfn.CONCAT(Dataset!C18," ",Dataset!B18) -> Huawei Smartwatch
A19: 27-JAN-IT | B19: Laptop | C19: Asus | D19: 980 | E19: 10 | F19: Electronics | G19: =LEFT(A19,6) -> 27-JAN | H19: =RIGHT(A19,2) -> IT | I19: =_xlfn.CONCAT(Dataset!C19," ",Dataset!B19) -> Asus Laptop
A20: 01-MAR-UK | B20: Sunglasses | C20: Oakley | D20: 150 | E20: 15 | F20: Fashion | G20: =LEFT(A20,6) -> 01-MAR | H20: =RIGHT(A20,2) -> UK | I20: =_xlfn.CONCAT(Dataset!C20," ",Dataset!B20) -> Oakley Sunglasses
A21: 14-AUG-US | B21: Camping Tent | C21: Coleman | D21: =309.35 -> 309.35 | E21: 10 | F21: Outdoor | G21: =LEFT(A21,6) -> 14-AUG | H21: =RIGHT(A21,2) -> US | I21: =_xlfn.CONCAT(Dataset!C21," ",Dataset!B21) -> Coleman Camping Tent
A22: 14-MAY-RU | B22: Camera | C22: Nikon | D22: 700 | E22: 50 | F22: Electronics | G22: =LEFT(A22,6) -> 14-MAY | H22: =RIGHT(A22,2) -> RU | I22: =_xlfn.CONCAT(Dataset!C22," ",Dataset!B22) -> Nikon Camera
A23: 09-JAN-CA | B23: Microwave | C23: Panasonic | D23: 80 | E23: 20 | F23: Kitchen | G23: =LEFT(A23,6) -> 09-JAN | H23: =RIGHT(A23,2) -> CA | I23: =_xlfn.CONCAT(Dataset!C23," ",Dataset!B23) -> Panasonic Microwave
A24: 19-JUL-BR | B24: Fitness Tracker | C24: Xiaomi | D24: 150 | E24: 30 | F24: ="Unknown" -> Unknown | G24: =LEFT(A24,6) -> 19-JUL | H24: =RIGHT(A24,2) -> BR | I24: =_xlfn.CONCAT(Dataset!C24," ",Dataset!B24) -> Xiaomi Fitness Tracker
A25: 29-SEP-CA | B25: Smartphone | C25: Google | D25: 800 | E25: 45 | F25: Electronics | G25: =LEFT(A25,6) -> 29-SEP | H25: =RIGHT(A25,2) -> CA | I25: =_xlfn.CONCAT(Dataset!C25," ",Dataset!B25) -> Google Smartphone
A26: 03-JUN-CA | B26: Sunglasses | C26: Ray-Ban | D26: =309.35 -> 309.35 | E26: 25 | F26: Fashion | G26: =LEFT(A26,6) -> 03-JUN | H26: =RIGHT(A26,2) -> CA | I26: =_xlfn.CONCAT(Dataset!C26," ",Dataset!B26) -> Ray-Ban Sunglasses
A27: 11-JUL-CA | B27: Blender | C27: Vitamix | D27: 400 | E27: 40 | F27: Kitchen | G27: =LEFT(A27,6) -> 11-JUL | H27: =RIGHT(A27,2) -> CA | I27: =_xlfn.CONCAT(Dataset!C27," ",Dataset!B27) -> Vitamix Blender
A28: 07-MAR-CA | B28: Dress | C28: Zara | D28: 60 | E28: 30 | F28: Fashion | G28: =LEFT(A28,6) -> 07-MAR | H28: =RIGHT(A28,2) -> CA | I28: =_xlfn.CONCAT(Dataset!C28," ",Dataset!B28) -> Zara Dress
A29: 13-APR-CA | B29: Toaster | C29: Hamilton | D29: 40 | E29: 10 | F29: Kitchen | G29: =LEFT(A29,6) -> 13-APR | H29: =RIGHT(A29,2) -> CA | I29: =_xlfn.CONCAT(Dataset!C29," ",Dataset!B29) -> Hamilton Toaster
A30: 24-MAY-CA | B30: Fitness Tracker | C30: Garmin | D30: 130 | E30: 5 | F30: Electronics | G30: =LEFT(A30,6) -> 24-MAY | H30: =RIGHT(A30,2) -> CA | I30: =_xlfn.CONCAT(Dataset!C30," ",Dataset!B30) -> Garmin Fitness Tracker
A31: 02-DEC-CA | B31: Jeans | C31: Levi's | D31: 50 | E31: 50 | F31: Fashion | G31: =LEFT(A31,6) -> 02-DEC | H31: =RIGHT(A31,2) -> CA | I31: =_xlfn.CONCAT(Dataset!C31," ",Dataset!B31) -> Levi's Jeans
A32: 09-JUL-FR | B32: Watch | C32: Casio | D32: 100 | E32: 20 | F32: Accessories | G32: =LEFT(A32,6) -> 09-JUL | H32: =RIGHT(A32,2) -> FR | I32: =_xlfn.CONCAT(Dataset!C32," ",Dataset!B32) -> Casio Watch
